AA1,AA2,Blosum62,Grantham,FoldXddG,MaestroddG,SimpleClassRIN,dVol,dProp,DSSP.NormASA,DSSP.SecStr,B.Mean,B.Zscore,Hb.Tot,Hb.Inter,Hb.Intra,Hb.IntraDist,Hb.SM,Hb.SS,IntCont,AveSeqDist,ExtCont,BiolHetCont,ResKDHydro,SubDiffKDHydro
F,S,-2,155,5.40265,0.8315040000000001,Protein interaction,-101,0.85,0.136,E,24.30,-0.22,0,0,0,0,0,0,15,23.9,0,0,2.8,-3.6
N,K,0,94,-0.4597810000000001,-1.7080369999999998,ligand interaction,54,1.7,0.481,T,35.10,-0.10,1,0,1,0,0,1,14,9.0,0,0,-3.5,-0.3999999999999999
P,R,-2,103,2.4422200000000003,-0.44835,Protein interaction,61,0.68,0.165,.,36.87,-0.43,0,0,0,0,0,0,9,24.8,1,0,-1.6,-2.9
S,W,-3,177,-0.808524,-0.270842,Protein interaction,138,-0.74,0.328,.,39.20,-0.21,0,0,0,0,0,0,6,84.2,2,0,-0.8,-0.09999999999999998
R,G,-2,125,3.09706,0.613883,Core,-113,-0.91,0.103,.,63.60,0.26,3,0,3,3,1,2,15,55.7,0,0,-4.5,4.1
S,W,-3,177,1.11884,-0.092207,Surface,138,-0.74,0.44,T,108.78,0.50,2,0,2,0,1,1,5,1.8,0,0,-0.8,-0.09999999999999998
S,L,-2,145,-0.601275,-0.062369000000000015,Protein interaction,78,-0.82,0.768,H,66.43,-0.68,0,0,0,0,0,0,5,1.8,0,0,-0.8,4.6
L,F,0,22,4.607480000000002,0.088863,ligand interaction,23,-0.03,0.0292,.,65.20,0.92,0,0,0,0,0,0,12,12.5,0,0,3.8,-1.0
V,M,1,21,0.191841,-0.016163,Core,23,-0.11,0.025,H,44.04,-0.71,0,0,0,0,0,0,12,18.8,0,0,4.2,-2.3000000000000003
Y,H,2,83,1.41119,0.212868,Core,-40,0.38,0.0718,E,34.46,-1.25,0,0,0,0,0,0,17,20.9,0,0,-1.3,-1.9
