AA1,AA2,Blosum62,Grantham,FoldXddG,MaestroddG,SimpleClassRIN,dVol,dProp,DSSP.NormASA,DSSP.SecStr,B.Mean,B.Zscore,Hb.Tot,Hb.Inter,Hb.Intra,Hb.IntraDist,Hb.SM,Hb.SS,IntCont,AveSeqDist,ExtCont,BiolHetCont,ResKDHydro,SubDiffKDHydro
A,P,-1,27,3.72653,-0.931375,Core,24,0.52,0,E,0.00,0.00,0,0,0,0,0,0,13,10.8,0,0,1.8,-3.4000000000000004
N,H,1,68,-0.0614439,-0.362085,ligand interaction,39,-0.44,0,E,12.18,-0.56,5,0,5,4,0,5,13,61.7,0,0,-3.5,0.2999999999999998
S,L,-2,145,0.053183900000000006,-0.189919,Surface,78,-0.82,0.16,S,69.85,-0.12,2,0,2,1,1,1,9,12.0,0,0,-0.8,4.6
L,H,-3,99,2.73678,1.97941,Core,-14,0.72,0.0511,H,36.08,-0.36,0,0,0,0,0,0,13,31.2,0,0,3.8,-7.0
T,N,0,65,0.00635275,-0.07624299999999999,Surface,-2,0.39,0.568,T,68.91,0.07,0,0,0,0,0,0,6,5.7,0,0,-0.7,-2.8
L,Q,-2,113,2.1419900000000003,1.268417,Surface,-23,1.2,0.343,.,25.65,-1.27,0,0,0,0,0,0,11,59.5,0,0,3.8,-7.3
W,L,-2,61,-0.257963,-1.057353,Surface,-60,-0.08,0.267,T,337.45,0.97,0,0,0,0,0,0,16,2.5,0,0,-0.9,4.7
F,L,0,22,-0.282416,2.354062,Protein interaction,-23,0.03,0.604,T,0.00,0.00,0,0,0,0,0,0,14,10.3,0,0,2.8,1.0
C,W,-2,215,8.382439999999999,0.08048999999999999,Core,119,-0.01,0.0476,H,36.92,0.28,1,0,1,0,1,0,14,9.4,0,0,2.5,-3.4
E,Q,2,29,-0.309792,-0.276954,Surface,6,-0.4,0.535,E,49.57,0.72,1,0,1,0,0,1,7,2.6,0,0,-3.5,0.0
